"S.No.","Job Id","Company","Role Type","Opening Heading","Location Available","Type","Job Description","Job Link"
"1","200670305-1324","Apple","Sales and Business Development","Account Executive","Ahmedabad, Gujarat, India","Not specified","Back to search results
Account Executive
Ahmedabad, Gujarat, India
Sales and Business Development
Submit CV
Summary
Posted:
Jul 06, 2026
Weekly Hours:
40
Role Number:
200670305-1324
Imagine what you could do here. The people here at Apple don’t just create products — they create the kind of wonder that’s revolutionised entire industries. It’s the diversity of those people and their ideas that inspires the innovation that runs through everything we do, from amazing technology to industry-leading environmental efforts. Join Apple, and help us leave the world better than we found it.

Apple’s Sales organisation generates the revenue needed to fuel our ongoing development of products and services. This, in turn, enriches the lives of hundreds of millions of people around the world. Our sales team is, in many ways, the face of Apple to our largest customers.

In this position, you will partner internally and externally to formulate, present, and implement strategies and initiatives to grow the business with our top consumer retail partners. You will leverage your deep understanding of the industry to respond to new market challenges, address risks, maximise opportunities, and create momentum that impacts individual accounts and builds upon Apple’s growth within the reseller channel. Through your deep relationship building skills and passion for solution-based selling, you will collaborate with our partners to define opportunities and develop growth plans, resulting in industry-leading customer experiences and expanded adoption of the Apple ecosystem.
Description
In this role, you will:

- Grow Apple’s business with partners who resell Apple products in the consumer retail channel, driving towards a sales target
- Build deep relationships, negotiate programmes, and develop innovative initiatives to achieve an extraordinary omni-channel customer experience, resulting in sales growth for Apple and our partners
- Maintain deep functional expertise in the consumer retail channel, monitoring market landscape and changes in dynamics that create new opportunities and challenges
- Analyse trends and partner capabilities, identify opportunities, and develop comprehensive account plans that both align with our partners’ strategies and expand Apple's footprint.
- Craft and articulate data-driven narratives to justify proposed deals to senior leadership, internally and externally.
- Collaborate cross-functionally to execute growth strategies, drive relevant market activities, and ultimately ensure sales through our partners.
- Negotiate with channel partners to secure deals that deliver desired market and financial results.
- Oversee key performance indicators that support growth and enable forecasts on the overall health of our account plans.
- Manage execution and gather resources to drive projects, achieve goals, and cover day-to-day tasks.
Minimum Qualifications
Typically requires a minimum of 5+ years of related experience.
Bachelor’s degree or equivalent experience.
Background in business planning, retail strategy, business development, strategic project management, and/or similar function developing channel growth strategies with partners.
In-depth understanding of retail store, merchandising, inventory management, and sales operations.
Experience attaining revenue targets and driving business growth through a consultative sales approach.
Outstanding communication, presentation, and storytelling skills.
Preferred Qualifications
5+ years of related experience.
Strategic thought leadership to inspire and influence across various levels and functions.
Forward-thinking approach and tenacity to drive what matters.
High level of integrity, trust, and accountability to do what’s right.
Familiarity with the consumer and channel reseller market is highly preferred.
Passion for Apple technology with the curiosity to uncover new leads, resilience to manage ambiguity, and drive for results.
Ability to analyse trends, develop insights, and identify opportunities to create solutions and accelerate business growth.
Excellent collaboration and relationship building skills with the ability to influence cross-functionally, navigate partner organisational structures, and lead complex negotiations.
Laser-focus on customers and partners.

At Apple, we believe accessibility is a fundamental human right. You’ll find that idea reflected in everything here — in our culture, our benefits and our digital tools. By welcoming as many perspectives as possible, we help you build a career where you feel like you belong.

Learn about accessibility in Apple’s workplace

Submit CV
Back to search results
See all roles in Ahmedabad","https://jobs.apple.com/en-in/details/200670305-1324/account-executive"
"2","200674999-1415","Apple","Sales and Business Development","Account Executive - Chandigarh","Chandigarh, Haryana, India; Gurugram, Haryana, India","Not specified","Back to search results
Account Executive - Chandigarh
Chandigarh, Haryana, India
Sales and Business Development
Chandigarh, Haryana, India
Gurugram, Haryana, India
Work Locations (2)
Submit CV
Summary
Posted:
Aug 03, 2026
Weekly Hours:
40
Role Number:
200674999-1415
Imagine what you could do here. The people here at Apple don’t just create products — they create the kind of wonder that’s revolutionised entire industries. It’s the diversity of those people and their ideas that inspires the innovation that runs through everything we do, from amazing technology to industry-leading environmental efforts. Join Apple, and help us leave the world better than we found it.

Apple’s Sales organisation generates the revenue needed to fuel our ongoing development of products and services. This, in turn, enriches the lives of hundreds of millions of people around the world. Our sales team is, in many ways, the face of Apple to our largest customers.

In this position, you will partner internally and externally to formulate, present, and implement strategies and initiatives to grow the business with our top consumer retail partners. You will leverage your deep understanding of the industry to respond to new market challenges, address risks, maximise opportunities, and create momentum that impacts individual accounts and builds upon Apple’s growth within the reseller channel. Through your deep relationship building skills and passion for solution-based selling, you will collaborate with our partners to define opportunities and develop growth plans, resulting in industry-leading customer experiences and expanded adoption of the Apple ecosystem.
Description
In this role, you will:

- Grow Apple’s business with partners who resell Apple products in the consumer retail channel, driving towards a sales target
- Build deep relationships, negotiate programmes, and develop innovative initiatives to achieve an extraordinary omni-channel customer experience, resulting in sales growth for Apple and our partners
- Maintain deep functional expertise in the consumer retail channel, monitoring market landscape and changes in dynamics that create new opportunities and challenges
- Analyse trends and partner capabilities, identify opportunities, and develop comprehensive account plans that both align with our partners’ strategies and expand Apple's footprint.
- Craft and articulate data-driven narratives to justify proposed deals to senior leadership, internally and externally.
- Collaborate cross-functionally to execute growth strategies, drive relevant market activities, and ultimately ensure sales through our partners.
- Negotiate with channel partners to secure deals that deliver desired market and financial results.
- Oversee key performance indicators that support growth and enable forecasts on the overall health of our account plans.
- Manage execution and gather resources to drive projects, achieve goals, and cover day-to-day tasks.
Minimum Qualifications
Typically requires a minimum of 5+ years of related experience.
Bachelor’s degree or equivalent experience.
Background in business planning, retail strategy, business development, strategic project management, and/or similar function developing channel growth strategies with partners.
In-depth understanding of retail store, merchandising, inventory management, and sales operations.
Experience attaining revenue targets and driving business growth through a consultative sales approach.
Outstanding communication, presentation, and storytelling skills.
Preferred Qualifications
5+ years of related experience.
Strategic thought leadership to inspire and influence across various levels and functions.
Forward-thinking approach and tenacity to drive what matters.
High level of integrity, trust, and accountability to do what’s right.
Familiarity with the consumer and channel reseller market is highly preferred.
Passion for Apple technology with the curiosity to uncover new leads, resilience to manage ambiguity, and drive for results.
Ability to analyse trends, develop insights, and identify opportunities to create solutions and accelerate business growth.
Excellent collaboration and relationship building skills with the ability to influence cross-functionally, navigate partner organisational structures, and lead complex negotiations.
Laser-focus on customers and partners.

At Apple, we believe accessibility is a fundamental human right. You’ll find that idea reflected in everything here — in our culture, our benefits and our digital tools. By welcoming as many perspectives as possible, we help you build a career where you feel like you belong.

Learn about accessibility in Apple’s workplace

Submit CV
Back to search results
See all roles in Chandigarh","https://jobs.apple.com/en-in/details/200674999-1415/account-executive-chandigarh"
"3","200674999-1281","Apple","Sales and Business Development","Account Executive - Chandigarh","Chandigarh, Haryana, India; Gurugram, Haryana, India","Not specified","Back to search results
Account Executive - Chandigarh
Gurugram, Haryana, India
Sales and Business Development
Chandigarh, Haryana, India
Gurugram, Haryana, India
Work Locations (2)
Submit CV
Summary
Posted:
Aug 03, 2026
Weekly Hours:
40
Role Number:
200674999-1281
Imagine what you could do here. The people here at Apple don’t just create products — they create the kind of wonder that’s revolutionised entire industries. It’s the diversity of those people and their ideas that inspires the innovation that runs through everything we do, from amazing technology to industry-leading environmental efforts. Join Apple, and help us leave the world better than we found it.

Apple’s Sales organisation generates the revenue needed to fuel our ongoing development of products and services. This, in turn, enriches the lives of hundreds of millions of people around the world. Our sales team is, in many ways, the face of Apple to our largest customers.

In this position, you will partner internally and externally to formulate, present, and implement strategies and initiatives to grow the business with our top consumer retail partners. You will leverage your deep understanding of the industry to respond to new market challenges, address risks, maximise opportunities, and create momentum that impacts individual accounts and builds upon Apple’s growth within the reseller channel. Through your deep relationship building skills and passion for solution-based selling, you will collaborate with our partners to define opportunities and develop growth plans, resulting in industry-leading customer experiences and expanded adoption of the Apple ecosystem.
Description
In this role, you will:

- Grow Apple’s business with partners who resell Apple products in the consumer retail channel, driving towards a sales target
- Build deep relationships, negotiate programmes, and develop innovative initiatives to achieve an extraordinary omni-channel customer experience, resulting in sales growth for Apple and our partners
- Maintain deep functional expertise in the consumer retail channel, monitoring market landscape and changes in dynamics that create new opportunities and challenges
- Analyse trends and partner capabilities, identify opportunities, and develop comprehensive account plans that both align with our partners’ strategies and expand Apple's footprint.
- Craft and articulate data-driven narratives to justify proposed deals to senior leadership, internally and externally.
- Collaborate cross-functionally to execute growth strategies, drive relevant market activities, and ultimately ensure sales through our partners.
- Negotiate with channel partners to secure deals that deliver desired market and financial results.
- Oversee key performance indicators that support growth and enable forecasts on the overall health of our account plans.
- Manage execution and gather resources to drive projects, achieve goals, and cover day-to-day tasks.
Minimum Qualifications
Typically requires a minimum of 5+ years of related experience.
Bachelor’s degree or equivalent experience.
Background in business planning, retail strategy, business development, strategic project management, and/or similar function developing channel growth strategies with partners.
In-depth understanding of retail store, merchandising, inventory management, and sales operations.
Experience attaining revenue targets and driving business growth through a consultative sales approach.
Outstanding communication, presentation, and storytelling skills.
Preferred Qualifications
5+ years of related experience.
Strategic thought leadership to inspire and influence across various levels and functions.
Forward-thinking approach and tenacity to drive what matters.
High level of integrity, trust, and accountability to do what’s right.
Familiarity with the consumer and channel reseller market is highly preferred.
Passion for Apple technology with the curiosity to uncover new leads, resilience to manage ambiguity, and drive for results.
Ability to analyse trends, develop insights, and identify opportunities to create solutions and accelerate business growth.
Excellent collaboration and relationship building skills with the ability to influence cross-functionally, navigate partner organisational structures, and lead complex negotiations.
Laser-focus on customers and partners.

At Apple, we believe accessibility is a fundamental human right. You’ll find that idea reflected in everything here — in our culture, our benefits and our digital tools. By welcoming as many perspectives as possible, we help you build a career where you feel like you belong.

Learn about accessibility in Apple’s workplace

Submit CV
Back to search results
See all roles in Gurugram","https://jobs.apple.com/en-in/details/200674999-1281/account-executive-chandigarh"
"4","200665787-1052","Apple","Corporate Functions","Engineering Project Manager","Hyderabad, Telangana, India","Not specified","Back to search results
Engineering Project Manager
Hyderabad, Telangana, India
Corporate Functions
Submit CV
Summary
Posted:
Jun 10, 2026
Weekly Hours:
40
Role Number:
200665787-1052
Apple is where individual imaginations gather together, committing to the values that lead to great work. Every new product we build, service we create, is the result of us making each other’s ideas stronger. That happens because every one of us shares a belief that we can make something wonderful and share it with the world, changing lives for the better. It’s the diversity of our people and their thinking that inspires the innovation that runs through everything we do. When we bring everybody in, we can do the best work of our lives. Here, you’ll do more than join something — you’ll add something. 

Do you want to help build some of the largest and most consequential enterprise and customer technology systems in the world? Join Apple’s Information Systems and Technology (IS&T) organization. IS&T is the engine behind everything Apple does for customers and for the people who build for them. It’s Apple’s central nervous system. Supporting 2.5 billion active Apple devices, processing billions of secure transactions, and keeping the technology that defines modern life running flawlessly, IS&T makes the impossible feel effortless. 

Do you love building solutions to handle global complexity and immense scale? Imagine what you could do here. 


Employee Experience and Productivity (EEP) is part of IS&T and delivers some of the most widely used communication and productivity technology and services across Apple — from tools that enable collaboration to the support teams that keep Apple's workforce running. EEP also leads user experience design and research, and manages the systems behind Apple's original content studios. The Events, Streaming and Broadcast team within EEP  delivers a suite of services that empower our community to provide industry standard, secure, intuitive solutions for managing events. and streaming within Apple. We are looking for a self-driven Engineering Project Manager with experience in fast-paced software development. The ideal candidate has a strong background in managing multiple projects with a proven ability to deliver impactful results. 

Description
This is a hands-on position where the Project Manager will be involved in building strong relationships with stakeholders, requirements analysis, functional and technical design discussions, and tracking project deadlines.  This requires creativity, and a high propensity to detail to oversee the design, implementation, and maintenance of Apple enterprise wide applications. 

The candidate must possess excellent leadership skills, and be a proactive solution-oriented individual with strong written and verbal communication skills. Finally, curiosity, outstanding project management best practices, seeing the bigger picture along with attention to detail, and a proven track record of influencing and collaborating across the organization are key qualities required to excel in this role.

Responsibilities
Take full responsibility for the success of your projects, steering them from concept to launch with a strong focus on execution.
Confidently navigate multifaceted environments, building strong relationships and smoothly resolving conflicts.
Work seamlessly with engineers, product owners, and strategic partners, ensuring everyone is aligned and informed.
Efficiently manage resources, monitor timelines, and proactively identify and mitigate risks.
Maintain a relentless focus on execution, ensuring timely and successful delivery while paying meticulous attention to detail.
Minimum Qualifications
3+ years of hands-on experience in engineering project management.
5+ years experience with software development lifecycles, 2 years delivering Agile projects.
Experience in an enterprise technology environment with multiple dependent platforms and      shared services.
Bachelor’s Degree in Computer Science, Engineering, or a related field
Preferred Qualifications
Demonstrated technical aptitude with the ability to understand and articulate the business and technical implications of decisions made by the project team.
Cross-Functional Leadership: Hands-on leader with high ownership and a proven track record of building trust and driving results across distributed engineering, design, and product teams.
Exceptional Communication: Highly effective at translating complex technical and business implications for diverse audiences, peers, and IT management.
Agile & Enterprise Execution: Thrives in fast-paced, constantly changing environments with rapid development cycles, complex dependent platforms, and shared services.
Driven Project Execution: Strong organizational and facilitation skills, with the ability to take ownership of initiatives, prioritize multiple tasks, and drive projects to meet tight deadlines with minimal supervision.
Teamwork: Experience working with geographically distributed teams and navigating the coordination overhead of cross-timezone delivery. Ability to brainstorm and communicate technology ideas and issues with peers and IT management.
Technical Differentiators: . Familiarity with quality engineering (QA pipelines, CI/CD) and exposure to AI/ML project delivery or automation strategies are strong pluses.
Proven ability to work with diverse audiences through clear and compelling written and verbal communication.

At Apple, we believe accessibility is a fundamental human right. You’ll find that idea reflected in everything here — in our culture, our benefits and our digital tools. By welcoming as many perspectives as possible, we help you build a career where you feel like you belong.

Learn about accessibility in Apple’s workplace

Submit CV
Back to search results
See all roles in Hyderabad","https://jobs.apple.com/en-in/details/200665787-1052/engineering-project-manager"
"5","200665097-1052","Apple","Corporate Functions","Engineering Project Manager","Hyderabad, Telangana, India","Not specified","Back to search results
Engineering Project Manager
Hyderabad, Telangana, India
Corporate Functions
Submit CV
Summary
Posted:
May 26, 2026
Role Number:
200665097-1052
Apple is a place where extraordinary people gather to do their best work. Together we create products and experiences that people once couldn't have imagined and now can't imagine living without. If you're excited by the challenge of shaping technology at scale, a career at Apple might be exactly what you're looking for.  The IS&T Retail Engineering organisation delivers intuitive, seamless shopping experiences for customers worldwide. The Apple Online Store (AOS) is one of the world's largest online retail platforms, serving millions of customers globally.

We are looking for a self-driven Engineering Project Manager with experience in fast-paced software development or e-commerce environments, with a proven ability to lead end-to-end delivery across globally distributed teams.
Description
As an Engineering Project Manager on the AOS team, you will own the full project lifecycle for software engineering initiatives from business requirements and technical design through development, QA, and launch. You will manage scope, timelines, budgets, and risks while driving alignment across engineering, product, and business stakeholders across globally distributed teams.
Responsibilities
Lead end-to-end delivery of software engineering projects, managing the full lifecycle from initiation through launch
Define and maintain project plans covering scope, milestones, timelines, resource allocation, and risks
Serve as the primary point of contact across engineering, product, and business stakeholders to ensure alignment on goals and priorities
Coordinate across engineering, QA, DevOps, and operations teams for smooth and timely execution
Proactively identify, track, and manage risks, dependencies, and change management
Drive collaboration across globally distributed, time-zone diverse teams
Minimum Qualifications
5+ years of hands-on experience in engineering project or program management
Understanding of software development lifecycle methodologies
Bachelor's degree in Computer Science, Engineering, or a related field with relevant experience
Preferred Qualifications
Strong written and verbal communication skills for both technical and non-technical audiences
Strong leadership and influencing skills with experience driving alignment across cross-functional teams
Experience working in globally distributed, time-zone diverse team environments
Technical background in software engineering with the ability to understand and articulate technical implications of project decisions
Hands-on experience delivering projects using Agile and Waterfall methodologies
Experience managing budgets and forecasting resource needs
Experience working with vendors and contractors in a global delivery model

At Apple, we believe accessibility is a fundamental human right. You’ll find that idea reflected in everything here — in our culture, our benefits and our digital tools. By welcoming as many perspectives as possible, we help you build a career where you feel like you belong.

Learn about accessibility in Apple’s workplace

Submit CV
Back to search results
See all roles in Hyderabad","https://jobs.apple.com/en-in/details/200665097-1052/engineering-project-manager"
"6","200634214-0321","Apple","Operations and Supply Chain","Operations Program Manager - Product Operations","Bengaluru, Karnataka, India","Not specified","Back to search results
Operations Program Manager - Product Operations
Bengaluru, Karnataka, India
Operations and Supply Chain
Submit CV
Summary
Posted:
Nov 28, 2025
Role Number:
200634214-0321
Apple is where individual imaginations gather together, committing to the values that lead to great work. Every new product we build, service we create, or Apple Store experience we deliver is the result of us making each other’s ideas stronger. That happens because every one of us shares a belief that we can make something wonderful and share it with the world, changing lives for the better. It’s the diversity of our people and their thinking that inspires the innovation that runs through everything we do. When we bring everybody in, we can do the best work of our lives. Here, you’ll do more than join something — you’ll add something.

We seek an Operations Program Manager (OPM) to drive factory operations and cross-functional initiatives - including non-market topics such as policy, trade, tax - that directly impact product readiness, factory performance, and execution across the manufacturing lifecycle. This role partners closely with senior leaders and diverse technical teams to define objectives, clarify problems, and lead programs from concept through implementation.
Description
Operations Program Managers are pivotal to the dynamic development and launch of Apple’s products. A successful Operations Program Manager is a leader and facilitator, is driven, organised and detail oriented, excels in program/project management & communicates with ease at all levels. In this role, you will be responsible for operationalizing and scaling new products.
Responsibilities
Drive end-to-end delivery of operations-focused projects from initiation through completion. Manage schedules, dependencies, cross-functional reviews, and risk mitigation. Communicate progress and escalate issues with clarity and context.
Lead Executive-Level Communication: synthesize complex topics into clear, concise, and persuasive narratives tailored for senior leadership. Present objectives, rationale, risks, and recommended actions in an executive-friendly manner.
Rapid Domain Mastery & Scoping: dive quickly into new problem areas to understand relevant technical, operational, and business factors. Distill ambiguous inputs into well-scoped business requirements and actionable plans.
Assess how initiatives impact factory operations including product/process readiness, labor considerations, policies, materials flow, and finished-goods handling. Ensure program decisions support operational efficiency, manufacturability, and readiness milestones.
Cross-Functional Alignment & Influence: facilitate collaboration across engineering, operations, supply chain, and business teams. Guide groups to consider new perspectives, challenge assumptions, and converge on informed decisions and actionable program plans.
Minimum Qualifications
8+ years of program management experience in dealing with high volume manufacturing
Strong background working in or with manufacturing environments (factory operations, production readiness, labor workflows, materials management, or related areas)
Bachelors or Masters degree in Mechanical Engineering, Electrical Engineering, Industrial Engineering (or similar)
Ability to travel up to ~50% to various domestic / international destinations
Preferred Qualifications
MBA degree from a premier institute
Exceptional written and verbal communication skills, especially in executive or senior-stakeholder settings.
Experience guiding groups toward consensus and influencing without authority.
Ability to translate ambiguous or emerging requirements into structured program plans.
Experience in operations, manufacturing engineering, process engineering, supply chain, or program/project management.
Exceptional ability to build relationships, build cross-functional teams and exert effective influence in a matrix organization
Operate in an ambiguous environment, taking charge, and having an attention to detail without becoming lost in the details
Ability to think strategically, while driving tactical program execution
Current knowledge of world class supply chain management practices

At Apple, we believe accessibility is a fundamental human right. You’ll find that idea reflected in everything here — in our culture, our benefits and our digital tools. By welcoming as many perspectives as possible, we help you build a career where you feel like you belong.

Learn about accessibility in Apple’s workplace

Submit CV
Back to search results
See all roles in Bengaluru","https://jobs.apple.com/en-in/details/200634214-0321/operations-program-manager-product-operations"
"7","200663276-1052","Apple","Software and Services","Engineering Program Manager - Customer Engagement Platforms","Hyderabad, Telangana, India","Not specified","Back to search results
Engineering Program Manager - Customer Engagement Platforms
Hyderabad, Telangana, India
Software and Services
Submit CV
Summary
Posted:
May 16, 2026
Weekly Hours:
40
Role Number:
200663276-1052
Do you want to help build some of the largest and most consequential enterprise and customer technology systems in the world? Join Apple’s Information Systems and Technology (IS&T) organization.  IS&T is the engine behind everything Apple does for customers and for the people who build for them. It’s Apple’s central nervous system. Supporting 2.5 billion active Apple devices, processing billions of secure transactions, and keeping the technology that defines modern life running flawlessly, IS&T makes the impossible feel effortless.Do you love building solutions to handle global complexity and immense scale? Imagine what you could do here.We are seeking a passionate Engineering Program Manager (EPM) to lead and deliver complex programsacross our Contact Center Technologies platform. This role sits at the intersection of technology leadership and operational excellence, managing the full lifecycle of initiatives spanning our enterprise contact centre stack.The ideal candidate brings domain expertise in technical program management in a highly cross functional &multi-faceted business organisation, a strong understanding of the evolving customer services & systems interaction paradigm, and the program management discipline to drive multi-workstream initiatives across business units.

Customer Systems is part of IS&T and drives the technology behind Apple's customer support experience — from contact center operations to the software powering the iconic Genius Bar. The team also builds and operates AppleCare's online support platform, which handles 6 billion visits per year, delivering seamless, high-quality support to Apple customers around the globe.
Description
This role will own the entire lifecycle of large-scale projects catered by contact centre feature areas. You'll be inthe driver's seat, from business requirements analysis and technical design discussions (API contracts, datamodels, integration patterns) to testing and partner collaboration. This isn't about checking tasks off a list – it'sabout your ability to lead and deliver on every aspect of the project.In this role, you’ll partner with world-class engineers and cross-functional teams to identify bottlenecks,instrument and analyse systems for performance and reliability, and deliver scalable, intuitive solutions thatelevate how customers connect with Apple. The ideal candidate is a critical problem solver with a passion foruser experience, process excellence, and turning small details into big customer impact. This includes a strongability to understand and articulate complex technical challenges to both technical and non-technical audiences.Employ innovative techniques, working collaboratively with other team members and business stakeholdersduring the full lifecycle development process – including requirements analysis, design, development,deployment, testing and maintenance. Become the Product Champion and manage product evolution anddefine and own multi-year product roadmap.Join Apple to do the best work of your life—where your ideas, drive,and dedication can shape world-class customer experiences at scale
Responsibilities
Lead end-to-end delivery of programs and projects on the contact centre technology platform, including newcapability rollouts, platform upgrades, and integrations across multiple business units.
Define and manage program roadmaps, milestones, dependencies, budgets, and resource allocations withclear accountability frameworks (using RACI & OKRs).
Drive cross-functional alignment between engineering, product, operations, and vendor teams from projectinception through Go-live and steady state.
Proactively identify, track, and mitigate risks and blockers; escalate appropriately with recommendedresolution paths.
Manage stakeholder communications including executive status reporting, sprint reviews, and governanceforums.
Manage programs spanning core contact centre platforms that cater to multiple business units within Applethat are of varied size, business process requirements & migration strategies.
Partner with architects and engineering leads to evaluate, plan, and govern platform customisations, APIintegrations, and configuration changes built on top of vendor platforms.
Ensure technical delivery quality through oversight of design reviews, testing phases, and go-live readinesschecklists tailored to contact centre environments.
Manage vendor relationships and SLA accountability for platform-level issues, enhancements, and escalations.
Define and track KPIs and success metrics tied to platform performance, customer experience, andengineering delivery health.
Lead retrospectives and drive continuous improvement cycles across delivery teams.
Prioritise issues while negotiating and setting appropriate expectations with team members, stakeholders and senior management.
Prioritise team activities and drive resolution of issues across all areas of the projects.
Gain insight into business direction and think through its impact on product and drive changes.
Manage funding & invoices for consulting team members on the team via quarterly Statements of Work(SOWs), purchase requisitions, approve monthly invoices & manage onboarding & off-boarding.
Minimum Qualifications
3–5+ years of techical program/project management experience in technology environments, with a trackrecord of delivering complex, multi-stakeholder programs on time and within scope.
Proficiency in Agile (Scrum/Kanban), hybrid delivery methodologies, and associated tooling (Jira, Confluence,Smartsheet, MS Project, or equivalent).
Good understanding of GenAI tools usage in all phases of SDLC & be able to apply to Project/ProgramManagement.
Have a solid understanding of the contact center technology / customer service stack.• Strong command of program governance frameworks: dependency mapping, risk registers, changemanagement, and stakeholder engagement plans.
Demonstrated ability to lead through influence — aligning engineering teams, product owners, and businessunit stakeholders without direct authority.• Excellent written and verbal communication skills; ability to tailor messaging from engineering-level detail toexecutive-level summary.
Experience managing vendor relationships, SOW negotiations, and holding third-party teams accountable todeliverables.
Comfort operating in ambiguous environments with evolving requirements, multiple concurrent programs, andfast-moving technology landscapes
Preferred Qualifications
PMP, PgMP, SAFe, or equivalent certification preferred.
Demonstrated success in leading complex, cross-functional projects in a fast-paced environment.
Experience working in a cross-functional, time-zone distributed team environment.
Proficient in conveying complex information clearly and effectively to various collaborators.
Comfortable navigating ambiguity, adapting to change, and managing multiple priorities simultaneously.
Strong written and verbal communication skills as well as strong organisational skills.• Self-motivated and proactive, with demonstrated creative and critical thinking capabilities.
Understanding of contact centre-specific data flows: call detail records (CDRs), interaction logs, real-timeevent streams, and analytics pipelines (Redshift, Snowflake, Power BI/Tableau).
Ability to read and reason about system architectures, API contracts (REST/SOAP), data flows, andconfiguration schemas — sufficient to engage credibly with engineering teams, challenge technical estimates,and assess risks.
Familiarity with cloud infrastructure relevant to contact centre platforms: AWS services (Lambda, DynamoDB,Kinesis, S3), networking fundamentals (VPC, security groups), and CI/CD concepts.
Familiarity with managing funding for consulting team members on the team via quarterly Statements of Work(SOWs), purchase requisitions, approving monthly invoices, and other vendor-related processes.
Experience partnering with Quality, Compliance, and Legal teams on initiatives involving GDPR, accessibility, and related standards.
Experience with observability and monitoring tools specific to telephony/CCaaS: dashboards, alerting, SLA tracking, and incident response run books

At Apple, we believe accessibility is a fundamental human right. You’ll find that idea reflected in everything here — in our culture, our benefits and our digital tools. By welcoming as many perspectives as possible, we help you build a career where you feel like you belong.

Learn about accessibility in Apple’s workplace

Submit CV
Back to search results
See all roles in Hyderabad","https://jobs.apple.com/en-in/details/200663276-1052/engineering-program-manager-customer-engagement-platforms"
"8","200674501-3541","Apple","Operations and Supply Chain","New Product Operations Program Manager - Manufacturing Design","Chennai, Tamil Nadu, India","Not specified","Back to search results
New Product Operations Program Manager - Manufacturing Design
Chennai, Tamil Nadu, India
Operations and Supply Chain
Submit CV
Summary
Posted:
Jul 31, 2026
Role Number:
200674501-3541
Apple is where individual imaginations gather together, committing to the values that lead to great work. Every new product we build, service we create, or Apple Store experience we deliver is the result of us making each other’s ideas stronger. That happens because every one of us shares a belief that we can make something wonderful and share it with the world, changing lives for the better. It’s the diversity of our people and their thinking that inspires the innovation that runs through everything we do. When we bring everybody in, we can do the best work of our lives. Here, you’ll do more than join something — you’ll add something.
Description
The Modules Operations Program Manager (Modules NPO) ensures that critical components driving new features in our products ramp on time, with high quality and maximum customer availability. Following each new product release, the Modules NPO leads the post-ramp qualification (PRQ) process for new component or design changes that helps to improve field performance, increase supply, and reduce cost. 

Modules NPO’s are pivotal to the dynamic development and launch of Apple’s products, as well as the ongoing health of our sustaining business. A successful Modules NPO is a leader and facilitator; is dynamic, driven, organised and detail oriented; excels in program / project management; communicates with ease at all levels; thrives in an ambiguous environment and is adept at facilitating actions and resolving conflicts.
Responsibilities
Establishes strong network with Engineering and Operations teams; leverages network to drive convergence between development schedule, module ramp requirements, and new product launch
Drives NPI/PRQ readiness with Engineering, Operations and OEM teams, planning build requirements, tracking material availability (CTB) and overseeing build execution
Influences product manufacturability, testability, and supply chain responsiveness in pursuit of low cost and flexibility while stewarding quality
Manages communications, upward and downward through the organisation; raising key issues and options for resolution with executive teams
Minimum Qualifications
5+ years of program management experience in dealing with high volume manufacturing
Bachelor of Engineering degree
Excellent written and spoken communication skills in English
Familiar with Office software / spreadsheets.
Exposure to work in Global work environment
Willingness and ability to travel domestically and internationally up to 50%
Preferred Qualifications
Leadership abilities
Excellent communication skills, both written and verbal
Experienced working with multi-disciplinary groups, driving schedule and task prioritization
Experience leading team meetings/syncs
Ability to lead without authority, foster trust, build credibility
Self-motivated and enthusiastic with demonstrated critical thinking capabilities
Experience presenting to executive level management on program status, recommendations, and priorities
MS degree/MBA or equivalent is preferred

At Apple, we believe accessibility is a fundamental human right. You’ll find that idea reflected in everything here — in our culture, our benefits and our digital tools. By welcoming as many perspectives as possible, we help you build a career where you feel like you belong.

Learn about accessibility in Apple’s workplace

Submit CV
Back to search results
See all roles in Chennai","https://jobs.apple.com/en-in/details/200674501-3541/new-product-operations-program-manager-manufacturing-design"
"9","200670305-1324","Apple","Sales and Business Development","Account Executive","Ahmedabad, Gujarat, India","Not specified","Back to search results
Account Executive
Ahmedabad, Gujarat, India
Sales and Business Development
Submit CV
Summary
Posted:
Jul 06, 2026
Weekly Hours:
40
Role Number:
200670305-1324
Imagine what you could do here. The people here at Apple don’t just create products — they create the kind of wonder that’s revolutionised entire industries. It’s the diversity of those people and their ideas that inspires the innovation that runs through everything we do, from amazing technology to industry-leading environmental efforts. Join Apple, and help us leave the world better than we found it.

Apple’s Sales organisation generates the revenue needed to fuel our ongoing development of products and services. This, in turn, enriches the lives of hundreds of millions of people around the world. Our sales team is, in many ways, the face of Apple to our largest customers.

In this position, you will partner internally and externally to formulate, present, and implement strategies and initiatives to grow the business with our top consumer retail partners. You will leverage your deep understanding of the industry to respond to new market challenges, address risks, maximise opportunities, and create momentum that impacts individual accounts and builds upon Apple’s growth within the reseller channel. Through your deep relationship building skills and passion for solution-based selling, you will collaborate with our partners to define opportunities and develop growth plans, resulting in industry-leading customer experiences and expanded adoption of the Apple ecosystem.
Description
In this role, you will:

- Grow Apple’s business with partners who resell Apple products in the consumer retail channel, driving towards a sales target
- Build deep relationships, negotiate programmes, and develop innovative initiatives to achieve an extraordinary omni-channel customer experience, resulting in sales growth for Apple and our partners
- Maintain deep functional expertise in the consumer retail channel, monitoring market landscape and changes in dynamics that create new opportunities and challenges
- Analyse trends and partner capabilities, identify opportunities, and develop comprehensive account plans that both align with our partners’ strategies and expand Apple's footprint.
- Craft and articulate data-driven narratives to justify proposed deals to senior leadership, internally and externally.
- Collaborate cross-functionally to execute growth strategies, drive relevant market activities, and ultimately ensure sales through our partners.
- Negotiate with channel partners to secure deals that deliver desired market and financial results.
- Oversee key performance indicators that support growth and enable forecasts on the overall health of our account plans.
- Manage execution and gather resources to drive projects, achieve goals, and cover day-to-day tasks.
Minimum Qualifications
Typically requires a minimum of 5+ years of related experience.
Bachelor’s degree or equivalent experience.
Background in business planning, retail strategy, business development, strategic project management, and/or similar function developing channel growth strategies with partners.
In-depth understanding of retail store, merchandising, inventory management, and sales operations.
Experience attaining revenue targets and driving business growth through a consultative sales approach.
Outstanding communication, presentation, and storytelling skills.
Preferred Qualifications
5+ years of related experience.
Strategic thought leadership to inspire and influence across various levels and functions.
Forward-thinking approach and tenacity to drive what matters.
High level of integrity, trust, and accountability to do what’s right.
Familiarity with the consumer and channel reseller market is highly preferred.
Passion for Apple technology with the curiosity to uncover new leads, resilience to manage ambiguity, and drive for results.
Ability to analyse trends, develop insights, and identify opportunities to create solutions and accelerate business growth.
Excellent collaboration and relationship building skills with the ability to influence cross-functionally, navigate partner organisational structures, and lead complex negotiations.
Laser-focus on customers and partners.

At Apple, we believe accessibility is a fundamental human right. You’ll find that idea reflected in everything here — in our culture, our benefits and our digital tools. By welcoming as many perspectives as possible, we help you build a career where you feel like you belong.

Learn about accessibility in Apple’s workplace

Submit CV
Back to search results
See all roles in Ahmedabad","https://jobs.apple.com/en-in/details/200670305-1324/account-executive"
"10","200674999-1415","Apple","Sales and Business Development","Account Executive - Chandigarh","Chandigarh, Haryana, India; Gurugram, Haryana, India","Not specified","Back to search results
Account Executive - Chandigarh
Chandigarh, Haryana, India
Sales and Business Development
Chandigarh, Haryana, India
Gurugram, Haryana, India
Work Locations (2)
Submit CV
Summary
Posted:
Aug 03, 2026
Weekly Hours:
40
Role Number:
200674999-1415
Imagine what you could do here. The people here at Apple don’t just create products — they create the kind of wonder that’s revolutionised entire industries. It’s the diversity of those people and their ideas that inspires the innovation that runs through everything we do, from amazing technology to industry-leading environmental efforts. Join Apple, and help us leave the world better than we found it.

Apple’s Sales organisation generates the revenue needed to fuel our ongoing development of products and services. This, in turn, enriches the lives of hundreds of millions of people around the world. Our sales team is, in many ways, the face of Apple to our largest customers.

In this position, you will partner internally and externally to formulate, present, and implement strategies and initiatives to grow the business with our top consumer retail partners. You will leverage your deep understanding of the industry to respond to new market challenges, address risks, maximise opportunities, and create momentum that impacts individual accounts and builds upon Apple’s growth within the reseller channel. Through your deep relationship building skills and passion for solution-based selling, you will collaborate with our partners to define opportunities and develop growth plans, resulting in industry-leading customer experiences and expanded adoption of the Apple ecosystem.
Description
In this role, you will:

- Grow Apple’s business with partners who resell Apple products in the consumer retail channel, driving towards a sales target
- Build deep relationships, negotiate programmes, and develop innovative initiatives to achieve an extraordinary omni-channel customer experience, resulting in sales growth for Apple and our partners
- Maintain deep functional expertise in the consumer retail channel, monitoring market landscape and changes in dynamics that create new opportunities and challenges
- Analyse trends and partner capabilities, identify opportunities, and develop comprehensive account plans that both align with our partners’ strategies and expand Apple's footprint.
- Craft and articulate data-driven narratives to justify proposed deals to senior leadership, internally and externally.
- Collaborate cross-functionally to execute growth strategies, drive relevant market activities, and ultimately ensure sales through our partners.
- Negotiate with channel partners to secure deals that deliver desired market and financial results.
- Oversee key performance indicators that support growth and enable forecasts on the overall health of our account plans.
- Manage execution and gather resources to drive projects, achieve goals, and cover day-to-day tasks.
Minimum Qualifications
Typically requires a minimum of 5+ years of related experience.
Bachelor’s degree or equivalent experience.
Background in business planning, retail strategy, business development, strategic project management, and/or similar function developing channel growth strategies with partners.
In-depth understanding of retail store, merchandising, inventory management, and sales operations.
Experience attaining revenue targets and driving business growth through a consultative sales approach.
Outstanding communication, presentation, and storytelling skills.
Preferred Qualifications
5+ years of related experience.
Strategic thought leadership to inspire and influence across various levels and functions.
Forward-thinking approach and tenacity to drive what matters.
High level of integrity, trust, and accountability to do what’s right.
Familiarity with the consumer and channel reseller market is highly preferred.
Passion for Apple technology with the curiosity to uncover new leads, resilience to manage ambiguity, and drive for results.
Ability to analyse trends, develop insights, and identify opportunities to create solutions and accelerate business growth.
Excellent collaboration and relationship building skills with the ability to influence cross-functionally, navigate partner organisational structures, and lead complex negotiations.
Laser-focus on customers and partners.

At Apple, we believe accessibility is a fundamental human right. You’ll find that idea reflected in everything here — in our culture, our benefits and our digital tools. By welcoming as many perspectives as possible, we help you build a career where you feel like you belong.

Learn about accessibility in Apple’s workplace

Submit CV
Back to search results
See all roles in Chandigarh","https://jobs.apple.com/en-in/details/200674999-1415/account-executive-chandigarh"
"11","200674999-1281","Apple","Sales and Business Development","Account Executive - Chandigarh","Chandigarh, Haryana, India; Gurugram, Haryana, India","Not specified","Back to search results
Account Executive - Chandigarh
Gurugram, Haryana, India
Sales and Business Development
Chandigarh, Haryana, India
Gurugram, Haryana, India
Work Locations (2)
Submit CV
Summary
Posted:
Aug 03, 2026
Weekly Hours:
40
Role Number:
200674999-1281
Imagine what you could do here. The people here at Apple don’t just create products — they create the kind of wonder that’s revolutionised entire industries. It’s the diversity of those people and their ideas that inspires the innovation that runs through everything we do, from amazing technology to industry-leading environmental efforts. Join Apple, and help us leave the world better than we found it.

Apple’s Sales organisation generates the revenue needed to fuel our ongoing development of products and services. This, in turn, enriches the lives of hundreds of millions of people around the world. Our sales team is, in many ways, the face of Apple to our largest customers.

In this position, you will partner internally and externally to formulate, present, and implement strategies and initiatives to grow the business with our top consumer retail partners. You will leverage your deep understanding of the industry to respond to new market challenges, address risks, maximise opportunities, and create momentum that impacts individual accounts and builds upon Apple’s growth within the reseller channel. Through your deep relationship building skills and passion for solution-based selling, you will collaborate with our partners to define opportunities and develop growth plans, resulting in industry-leading customer experiences and expanded adoption of the Apple ecosystem.
Description
In this role, you will:

- Grow Apple’s business with partners who resell Apple products in the consumer retail channel, driving towards a sales target
- Build deep relationships, negotiate programmes, and develop innovative initiatives to achieve an extraordinary omni-channel customer experience, resulting in sales growth for Apple and our partners
- Maintain deep functional expertise in the consumer retail channel, monitoring market landscape and changes in dynamics that create new opportunities and challenges
- Analyse trends and partner capabilities, identify opportunities, and develop comprehensive account plans that both align with our partners’ strategies and expand Apple's footprint.
- Craft and articulate data-driven narratives to justify proposed deals to senior leadership, internally and externally.
- Collaborate cross-functionally to execute growth strategies, drive relevant market activities, and ultimately ensure sales through our partners.
- Negotiate with channel partners to secure deals that deliver desired market and financial results.
- Oversee key performance indicators that support growth and enable forecasts on the overall health of our account plans.
- Manage execution and gather resources to drive projects, achieve goals, and cover day-to-day tasks.
Minimum Qualifications
Typically requires a minimum of 5+ years of related experience.
Bachelor’s degree or equivalent experience.
Background in business planning, retail strategy, business development, strategic project management, and/or similar function developing channel growth strategies with partners.
In-depth understanding of retail store, merchandising, inventory management, and sales operations.
Experience attaining revenue targets and driving business growth through a consultative sales approach.
Outstanding communication, presentation, and storytelling skills.
Preferred Qualifications
5+ years of related experience.
Strategic thought leadership to inspire and influence across various levels and functions.
Forward-thinking approach and tenacity to drive what matters.
High level of integrity, trust, and accountability to do what’s right.
Familiarity with the consumer and channel reseller market is highly preferred.
Passion for Apple technology with the curiosity to uncover new leads, resilience to manage ambiguity, and drive for results.
Ability to analyse trends, develop insights, and identify opportunities to create solutions and accelerate business growth.
Excellent collaboration and relationship building skills with the ability to influence cross-functionally, navigate partner organisational structures, and lead complex negotiations.
Laser-focus on customers and partners.

At Apple, we believe accessibility is a fundamental human right. You’ll find that idea reflected in everything here — in our culture, our benefits and our digital tools. By welcoming as many perspectives as possible, we help you build a career where you feel like you belong.

Learn about accessibility in Apple’s workplace

Submit CV
Back to search results
See all roles in Gurugram","https://jobs.apple.com/en-in/details/200674999-1281/account-executive-chandigarh"
